﻿<?xml version="1.0" encoding="utf-8" ?>
<Advertisements>
  <Ad>
    <ImageUrl>
      pic.jpg
    </ImageUrl>
    <AlternateText>
      It was Illusion book. cost Rs 150/- Author: Varun kumar
    </AlternateText>
    <Impressions>
      20
    </Impressions>
    <Keyword>
      book
    </Keyword>
  </Ad>
  <Ad>
    <ImageUrl>
      pic2.jpg
    </ImageUrl>
    <AlternateText>
      Samsung Gt s7582
    </AlternateText>
    <Impressions>
      20
    </Impressions>
    <Keyword>
      mobile
    </Keyword>
  </Ad>
  <Ad>
    <ImageUrl>
      pic3.jpg
    </ImageUrl>
    <AlternateText>
      Do you need a developer? Call 7206479844
    </AlternateText>
    <Impressions>
      20
    </Impressions>
    <Keyword>
      web developer
    </Keyword>
  </Ad>
</Advertisements>
